Firstname;Secondname;Patronymic;Gender;Mail;Date of birthday;Country;Phone;Direction;Password;Photo
Елисеев;Анатолий;Владленович;мужской;rsporer@stark.com;04.18.1962;46;7(812)119-70-39;Биг Дата;qaayrn;foto14.jpg
Кондратьев;Варлаам;Анатольевич;мужской;xlynch@brekke.org;04.28.1994;24;7(370)956-48-86;ИТ;3P7zfU;foto15.jpg
Копылов;Кирилл;Владимирович;мужской;bode.katelyn@hotmail.com;01.30.1998;54;7(101)657-44-87;Информационная безопасность;71G82V;foto16.jpg
Цветков;Иван;Семёнович;мужской;quigley.myron@bartell.com;01.26.1975;25;7(098)883-75-75;Информационная безопасность;y1PKeW;foto17.jpg
Суханов;Богдан;Денисович;мужской;megane97@gmail.com;09.24.1959;76;7(051)994-61-67;Дизайн;qy9gO8;foto18.jpg
Кабанов;Роберт;Георгьевич;мужской;richie27@hotmail.com;10.31.1986;46;7(335)776-48-63;Биг Дата;mi0NkX;foto19.jpg
Тетерина;Жюли;Васильевна;женский;kaylah.watsica@cartwright.net;03.16.1989;94;7(412)073-02-46;Дизайн;q09Pcu;foto20.jpg
Степанова;Эльмира;Васильевна;женский;fbrakus@yahoo.com;10.19.1998;71;7(461)676-60-94;Дизайн;agMR2O;foto21.jpg
Потапова;Келен;Михайловна;женский;johnnie17@hotmail.com;01.04.1988;43;7(706)652-88-45;Дизайн;hLhjKT;foto22.jpg
Николаев;Илларион;Антонинович;мужской;rasheed87@schuster.com;11.17.1966;81;7(294)668-75-44;ИТ;90ZciI;foto23.jpg
