Firstname;Secondname;Patronymic;Mail;Date of birthday;Country;Phone;Password;Photo;Gendr
Зиновьев;Лаврентий;Алексеевич;iqajcrysv921@tutanota.com;27.09.1974;14;7(881)215-02-97;WpyIyK;foto60.jpg;муж
Мишин;Исак;Максимович;sgujxkr3y815@mail.com;14.04.1982;49;7(881)639-32-78;R0F5RQ;foto61.jpg;муж
Воронцов;Илларион;Пантелеймонович;91i5yv46efl7@tutanota.com;17.06.1998;60;7(881)950-40-96;wFuOu2;foto62.jpg;муж
Тарасов;Ким;Федотович;2id46h8elpzx@outlook.com;01.10.1980;36;7(881)132-48-34;B9A9G0;foto3.jpg;муж
Казаков;Станислав;Лукьянович;j80e1zy79p3v@mail.com;25.07.1975;84;7(881)501-79-85;2p5dKr;foto4.jpg;муж
Васильев;Абрам;Феликсович;gia5l3ytuw2c@gmail.com;26.12.1984;65;7(881)149-41-85;BzT3im;foto5.jpg;муж
Ильин;Бенедикт;Адольфович;km6saojbwzn9@yahoo.com;30.03.1977;70;7(881)466-56-23;E0m5Um;foto6.jpg;муж
Киселёв;Василий;Евсеевич;cv28dw5b1om9@mail.com;22.10.1979;90;7(881)551-49-65;s1NYWs;foto7.jpg;муж
Панов;Виталий;Федосеевич;mc7q6n0eox5p@tutanota.com;09.06.1985;70;7(881)662-54-71;brHpQS;foto8.jpg;муж
Якушев;Богдан;Ефимович;k6eyq18bpon4@tutanota.com;11.04.1984;59;7(881)211-40-75;JJigbW;foto9.jpg;муж
Самойлов;Гордей;Семёнович;bgvajqde65yh@mail.com;14.02.1993;23;7(881)329-94-36;Q7Ko7E;foto10.jpg;муж
Михайлов;Абрам;Демьянович;ekudbzqf4jcm@gmail.com;15.01.1988;17;7(881)984-84-03;BKcWXr;foto11.jpg;муж
Воробьёв;Никифор;Евсеевич;uywi321694rt@tutanota.com;30.11.1980;98;7(881)656-13-78;CvjQ1n;foto12.jpg;муж
Тихонов;Ермак;Донатович;ompve5atd4lr@tutanota.com;01.04.1971;11;7(881)990-96-64;myFi1v;foto13.jpg;муж
Блинов;Аркадий;Макарович;wo4agudze0bx@outlook.com;20.01.1992;32;7(881)839-27-62;0JTo1M;foto14.jpg;муж
Борисов;Овидий;Федосеевич;dany4tkxpibw@gmail.com;08.11.1991;100;7(881)475-87-89;geodWF;foto15.jpg;муж
Кулагин;Вилен;Авксентьевич;k038ijz9vebn@mail.com;18.06.1995;60;7(881)455-83-44;bsg3H4;foto16.jpg;муж
Титов;Казимир;Максович;blajkqovx8uy@outlook.com;25.01.1976;1;7(881)351-01-50;qOSvAd;foto17.jpg;муж
Трофимов;Емельян;Анатольевич;4302lshpaoj1@outlook.com;22.04.1983;86;7(881)993-76-53;a2Aqpc;foto18.jpg;муж
Чернов;Вальтер;Серапионович;op1qas34wzj6@mail.com;21.12.1984;92;7(881)399-07-84;8QPbI6;foto19.jpg;муж
